2025-11-08,土,A,おろしポン酢ハンバーグ,ポテサラ,オニオンスープ,
2025-11-12,水,B,筑前煮,豆腐の卵あんかけ,なすの焼き浸し,
2025-11-13,木,C,あんかけ焼そば,厚揚げの卵とじ,小松菜としめじのおひたし,
2025-11-15,土,A,マカロニグラタン,ポテサラ,大豆のトマト煮,
2025-11-20,木,C,天津飯,麻婆茄子・豆腐,小松菜のおひたし,
2025-11-22,土,A,ジャーマンオムレツ,ポークビーンズ,マカロニサラダ,
2025-11-26,水,B,豚こま肉すき焼き風煮込み,厚揚げのみそチーズ焼き,きゅうりとナスのさっぱり和え,
2025-11-30,日,A,ラザニア,ポテサラ,大根とにんじんのコンソメスープ,
2025-12-03,水,B,サバの塩焼き,大根とちくわの煮物,ほうれん草のおひたし,
2025-12-04,木,C,青椒肉絲,あんかけ豆腐,もやし中華サラダ,
2025-12-06,土,A,ミートソーススパ,ポテサラ,,
2025-12-10,水,B,とん平焼き,たたききゅうりのポン酢あえ,,
2025-12-11,木,C,回鍋肉,かぼちゃと厚揚げの煮物,豆腐サラダ,
2025-12-13,土,A,照り焼きチキン,大豆スープ,野菜サラダ,
2025-12-17,水,B,さばの塩焼き,白菜とナスのピリ辛炒め,大根とかいわれのサラダ,
2025-12-18,木,C,天津飯,焼餃子,キムチ豆腐,
2025-12-20,土,A,ハンバーグ,ポテサラ,野菜スープ,
2025-12-26,金,C,中華丼,小松菜のおひたし,,
2025-12-27,土,A,豚の生姜焼き,かぼちゃと厚揚げの煮物,大根ときゅうりのサラダ,
2025-12-29,月,A,ベータマスパ,ポテサラ,大豆スープ,
2026-01-03,土,A,キーマカレー,きゅうりとわかめのポン酢あえ,,
2026-01-04,日,A,海鮮鍋,ポテサラ,,
2026-01-10,土,A,赤から鍋,ポテサラ,,
2026-01-15,木,C,天津飯,麻婆茄子豆腐,きゅうりとわかめの酢のもの,
2026-01-17,土,A,ジャーマンオムレツ,マカロニサラダ,大豆スープ,
2026-01-18,日,A,鮭鍋,ポテサラ,,
2026-01-21,水,C,あんかけ焼そば,大根とにんじんと厚揚げの煮物,ほうれん草のおひたし,
2026-01-22,木,C,酢豚,厚揚げの卵とじ,もやし中華サラダ,
2026-01-24,土,A,ハンバーグ,ポテサラ,大豆のトマト煮,
2026-01-28,水,B,鯖の味噌煮,大根とひき肉のそぼろ煮,キャベツときゅうりのコールスロー,
2026-01-29,木,B,ねぎ焼き,豆腐の卵あんかけ,チンゲン菜としめじの中華風たまご炒め,
2026-02-01,日,A,ミートソーススパ,ポテサラ,大豆スープ,
2026-02-04,水,B,焼きほっけ,厚揚げとかぼちゃと大根とにんじんの煮物,卵焼き,
2026-02-05,木,C,棒々鶏,ニラ玉もやし炒め,春雨の中華風サラダ,
2026-02-07,土,C,ヤムニョンチキン,ポテサラ,大豆スープ,
2026-02-11,水,B,ブリの照焼き,鶏団子と白菜の中華風スープ,納豆入り卵焼き,
2026-02-13,金,B,広島焼き,,,
2026-02-15,日,A,鮭と鶏団子の鍋,マカサラ,,
2026-02-18,水,B,カレイの煮付け,厚揚げの卵とじ,もやし中華サラダ,
2026-02-21,土,A,マカロニグラタン,ポテサラ,大豆のトマト煮,
2026-02-24,火,C,八宝菜,厚揚げと大根の煮物,ほうれん草のおひたし,
2026-02-25,水,B,焼き鮭,キャベ玉炒め,たたきキュウリとたたき長芋のサラダ,
2026-02-26,木,C,ソース焼そば,冷奴,もやし中華サラダ,
2026-02-28,土,A,キーマカレーライス,ポテサラ,オニオンスープ,
2026-03-04,水,B,さばの塩焼き,さつまいものそぼろ煮,焼き茄子,
2026-03-05,木,C,天津飯,焼餃子,ブロッコリーとウインナーの卵炒め,
2026-03-07,土,A,ジャーマンオムレツ,マカロニサラダ,大豆のミートソーススープ,
2026-03-11,水,B,焼きホッケ,筑前煮,きゅうりと長芋のわさび漬け,
2026-03-12,木,C,鶏肉のカシューナッツ炒め,卵焼き,小松菜のおひたし,
2026-03-14,土,A,ベータマスパ,ポテサラ,大豆スープ,
2026-03-18,水,B,サバの竜田揚げ,厚揚げとかぼちゃとにんじんの煮物,きゃべつときゅうりのコールスロー,
2026-03-19,木,C,酢豚（豚こま）,厚揚げの卵とじ,春雨の中華風サラダ,
2026-03-22,日,B,ねぎ焼き,ポテサラ,野菜スープ,
2026-03-25,水,C,あんかけ焼そば,ちくわと大根の煮物,もやし中華サラダ,
2026-03-27,金,B,チンゲン菜とベーコンのソテー,小松菜のおひたし,（前日の残り）,
2026-03-28,土,A,鶏のカレー照り焼き,マカサラ,野菜スープ,
2026-04-01,水,B,鮭のちゃんちゃん焼き,豆腐の卵あんかけ,きゅうりとわかめの酢の物,
2026-04-02,木,C,炒飯,卵スープ,ほうれん草のおひたし,
2026-04-04,土,A,チキンカツ,ポテサラ,ほうれん草の炒め物,
2026-04-08,水,B,さばの塩焼き,厚揚げとかぼちゃと大根とにんじんの煮物,なす味噌,
2026-04-09,木,B,広島焼き,厚揚げとなすともやしのサッと炒め,ほうれん草のおひたし,
2026-04-11,土,A,ハンバーグ,ポテサラ,野菜スープ,
2026-04-18,土,A,ベータマスパ,かぼちゃサラダ,野菜スープ,
2026-04-19,日,A,鮭鍋,マカサラ,,
2026-04-22,水,B,ぶりの照焼,厚揚げとかぼちゃと大根とにんじんの煮物,ほうれん草のおひたし,
2026-04-23,木,C,八宝菜,厚揚げの卵とじ,野菜サラダ,
2026-04-25,土,A,ラザニア,ポテサラ,大豆スープ,
2026-04-29,水,C,ソース焼そば,大根のそぼろ煮,きゅうりと長芋のわさび漬け,
2026-04-30,木,C,天津飯,焼餃子,小松菜のおひたし,チンゲン菜とベーコンのソテー
2026-05-03,日,A,鶏の唐揚げ,ポテサラ,大豆スープ,
2026-05-06,水,C,油淋さば,筑前煮,にんじんしりしり,
2026-05-07,木,B,ねぎ焼き,小松菜とこんにゃくのきんぴら,かぼちゃサラダ,
2026-05-09,土,A,ジャーマンオムレツ,マカサラ,コーンスープ,
2026-05-11,月,C,あんかけ焼そば,大根とちくわの煮物,もやし中華サラダ,
2026-05-16,土,A,豚こまの生姜焼き,ポテサラ,目玉焼き,大豆スープ
2026-05-17,日,A,なすのミートソーススパ,コールスローサラダ,,
2026-05-18,月,B,焼ほっけ,豆腐の卵あんかけ,きゅうりとナスのさっぱり和え,
2026-05-23,土,A,鶏の照り焼き,ポテサラ,大豆スープ,
2026-05-24,日,C,冷やし中華,,,
2026-05-25,月,B,西京焼,厚揚げとかぼちゃとにんじんの煮物,大豆サラダ,
2026-05-30,土,A,豚こまハンバーグ,ポテサラ,野菜スープ,
2026-05-31,日,B,鮭のちゃんちゃんホイル焼き,厚揚げの卵とじ,小松菜のおひたし,ベイクドブロッコリー
2026-06-01,月,C,肉野菜炒め,野菜サラダ,卵の中華スープ,
2026-06-06,土,A,ベータマスパ,ポテサラ,大豆スープ,
2026-06-07,日,B,広島焼き,冷奴,,
2026-06-08,月,B,焼きさばの野菜あんかけ,小松菜とにんじんの白和え,きゅうりと長芋のポン酢和え,
2026-06-13,土,A,マカロニグラタン,ポテサラ,野菜スープ,
2026-06-14,日,C,酢豚（豚こま）,炒り豆腐,もやしとかにかまぼこのポン酢サラダ,
2026-06-15,月,B,あじの開き,かぼちゃとちくわと大根とにんじんの煮物,わかめときゅうりの酢の物,
2026-06-20,土,A,豚バラ焼き,ポテサラ,大豆のトマト煮,
2026-06-21,日,C,鶏のカシューナッツ炒め,冷奴のキムチのせ,中華風卵スープ,野菜サラダ
2026-06-22,月,B,鯛の塩焼き,さつまいものそぼろ煮,小松菜と卵炒め,小松菜のポン酢和え
2026-06-27,土,A,ジャーマンオムレツ,マカサラ,コーンスープ,
2026-06-28,日,C,天津飯,焼餃子,ほうれん草のおひたし,
2026-06-29,月,C,冷やし中華,かぼちゃサラダ,,
2026-07-04,土,A,豚こまの生姜焼き,ポテトサラダ,大豆スープ,
2026-07-05,日,C,もやしのチンジャオロースー,冷奴のキムチのせ,中華スープ,
2026-07-06,月,B,西京焼き,鶏むね肉と大根とにんじんの煮物,卵ときゅうりのサラダ,
2026-07-11,土,A,ハンバーグ,マカサラ,野菜スープ,
2026-07-12,日,C,八宝菜,厚揚げの卵とじ,もやし中華サラダ,
2026-07-13,月,B,ちぢみ,厚揚げの煮物,ほうれん草のおひたし,
2026-07-18,土,A,ミートソーススパ,ポテサラ,コーンスープ,
2026-07-19,日,B,さわらの照り焼き,かぼちゃの煮物,わかめときゅうりの酢の物,
2026-07-20,月,C,ソース焼そば,目玉焼き,キムチ冷奴,きゅうりと長芋のポン酢あえ
2026-07-25,土,A,鶏のから揚げ,ポテサラ,大豆スープ,
2026-07-26,日,B,うな丼,ほうれん草とちくわの卵炒め,きゅうりと長芋のわさび漬け,
2026-07-27,月,C,肉野菜炒め,かぼちゃのそぼろ煮,コールスローサラダ,
2026-08-01,土,A,鶏の照焼き,マカサラ,大豆スープ,
2026-08-02,日,B,鮭のちゃんちゃん焼き,ブロッコリーの卵マヨサラダ,納豆とオクラ,
2026-08-03,月,C,天津飯,焼餃子,ほうれん草とえのきのお浸し,
2026-08-08,土,A,ベータマスパ,ポテサラ,コーンクリームスープ,
2026-08-09,日,B,カレイのかりっと焼ききのこソース,厚揚げとちくわの煮物,わかめときゅうりの酢の物,
2026-08-10,月,B,広島焼き,小松菜とえのきのおひたし,カニカマの春雨サラダ,
2026-08-15,土,A,マカロニグラタン,ポテサラ,大豆のカレースープ,
2026-08-16,日,B,焼ほっけ,さつまいもと大根のそぼろ煮,卵焼き,
2026-08-17,月,C,あんかけ焼そば,ほうれん草のおひたし,中華風卵スープ,
2026-08-22,土,A,ジャーマンオムレツ,マカサラ,かぼちゃのポタージュスープ,
2026-08-23,日,B,焼き鮭,ちくわと大根とにんじんとしいたけの煮物,きゅうりとわかめとカニカマの酢の物,
2026-08-24,月,C,冷やし中華,,,
2026-08-29,土,A,ハンバーグ,マカサラ（まゆみ）,コーンクリームスープ,
2026-08-30,日,B,ぶりの照焼き,肉豆腐,きゅうりと長芋のポン酢和え,
2026-08-31,月,C,もやしの青椒肉絲,コールスローサラダ,レタスと卵の中華スープ,
2026-09-05,土,A,キーマカレーライス,ポテサラ,,
2026-09-06,日,B,あじの干物,海老シューマイ,ちくわと大根とにんじんの煮物,
2026-09-07,月,C,八宝菜,もやしとニラのナムル,レタスと卵の中華スープ,
2026-09-12,土,A,豚こましょうが焼き,マカサラ,大豆スープ,
2026-09-13,日,B,さばの塩焼き,納豆オムレツ,ほうれん草ときのこの和風炒め,
2026-09-14,月,C,鶏胸とサツマイモのオイスター甘酢炒め,小松菜の卵とじ,コールスローサラダ,キムチ冷奴
