面白くて眠れなくなる数学,池田,,済,1
超面白くて眠れなくなる数学,池田,,済,1
弱者の戦略,池田,,済,2
絶滅の人類史,池田,,途中,4
戦神,池田,,途中,3
GrageBandパーフェクトレッスン,西南,,済,5
夢中になる東大世界史,箕面,,途中,4
Pythonスクレイピング＆クローリング,箕面,未,,
譜面が読めなくてもできるフィンガードラム入門,箕面,,済,1
全世界史講義1,西南,未,,
10大民族で読み解く世界史の興亡,池田,,中止,1
松田聖子と中森明菜,池田,,中止,1
スター・ウォーズ学,池田,,中止,1
動乱の室町時代と15人の足利将軍,西南,未,,
六人の嘘つきな大学生,桜丘,2023/05/18,2023/05/19,5
カラスの親指,桜丘,2023/05/20,2023/05/23,3
神のロジック人間（ひと）のマジック,池田,2023/05/24,2023/05/27,4
歴史のミカタ,池田,2023/05/23,2023/05/31,2
連続テレビ小説読本Vol.1,池田,2023/05/28,2023/05/28,2
ゲームチェンジの世界史,西南,2023/05/31,2023/05/31,2
リバース,箕面,2023/05/29,2023/05/31,3
そして扉が閉ざされた,箕面,2023/05/27,2023/05/29,4
スタンダード・ジャズ ハンドブック,箕面,2023/05/27,2023/05/27,4
MASTER OF Logic Pro X,箕面,2023/05/27,中止,5
仮面山荘の殺人,Book-Off,2023/05/31,2023/06/01,5
わかる！使える！色彩の教科書,池田,2023/06/05,2023/06/05,2
medium 霊媒探偵城塚翡翠,池田,2023/06/02,中止,1
日本史のミカタ,池田,2023/06/02,中止,1
世界史のミカタ,桜丘,2023/06/04,2023/06/06,1
アメリカン・ポップス名曲全集,桜丘,2023/06/03,2023/06/03,4
ジェリーフィッシュは凍らない,西南,2023/06/14,2023/06/17,4
民主党政権,西南,2023/06/18,中止,1
笑い神Ｍ−１、その純情と狂気,石橋,2023/06/20,2023/06/21,3
幹事長秘録,石橋,2023/06/22,2023/06/26,2
秀吉の活,石橋,2023/06/26,中止,1
「悪」の進化論,石橋,2023/06/21,途中,3
一冊でわかるフランス史,西南,2023/07/09,途中,3
一冊でわかる中国史,西南,2023/07/06,2023/07/09,3
「棲み分け」の世界史,池田,2023/06/30,途中,3
たった一度の人生を記録しなさい,池田,2023/07/11,2023/07/11,2
NHKスペシャル人類誕生,石橋,2023/07/12,2023/07/15,3
一冊でわかるドイツ史,石橋,2023/06/26,2023/07/16,3
戦争と外交の世界史,池田,2023/07/05,2023/07/31,4
「民族」で読み解く世界史,箕面,2023/08/02,2023/08/02,3
「全世界史」講義Ⅰ古代・中世編,西南,2023/08/08,,4
池上彰と現代の名著を読む,西南,2023/09/10,中止,2
アマテラスの暗号,池田,2023/09/19,2023/09/20,3
戦国名臣列伝,池田,未,,
巨大倒産 ―「絶対潰れない会社」を潰した社長たち,池田,未,,
戦争まで 歴史を決めた交渉と日本の失敗,池田,2023/09/19,途中,
多数決を疑う――社会的選択理論とは何か,池田,2023/09/21,2023/09/21,3
知識ゼロからの近代絵画入門,池田,2023/10/03,2023/10/10,2
世界一やばい西洋絵画の見方入門,池田,2023/10/03,2023/10/10,2
教養としての地政学,西南,2023/09/25,2023/10/04,3
人口で語る世界史,西南,2023/10/05,中止,2
「司馬遼太郎」で学ぶ日本史,西南,2023/10/09,2023/10/11,4
楚漢名臣列伝,池田,未,,
スケープゴート,池田,2023/10/11,2023/10/14,3
大暴落ガラ,池田,未,,
知略の本質 戦史に学ぶ逆転と勝利,石橋,2023/10/20,中止,4
この国のかたち,石橋,2023/10/20,途中,3
歴史のじかん,箕面,2023/11/18,中止,2
世界「民族」全史,箕面,2023/11/18,途中,4
ポール・マッカートニー作曲術,桜ヶ丘,2023/11/18,2023/12/06,3
駅からウォーキング関西（2019年版）,池田,2023/11/27,2023/12/01,3
この1冊、ここまで読むか! 超深掘り読書のススメ,池田,2023/12/16,中止,2
Python最速データ収集術,池田,2023/12/03,2023/12/17,3
一気に読める史記,池田,2023/12/16,中止,4
それでも、日本人は「戦争」を選んだ,石橋,未,,
NETFLIX,石橋,2023/12/18,2024/01/08,4
人気&定番ジャズスタンダード,野畑,2023/12/22,2023/12/22,4
シェル・ワンライナー160本ノック,野畑,2023/12/22,中止,3
MIDI打ち込みでバンド・アンサンブルを作る本,野畑,2023/12/22,2023/12/29,4
フォーク酒場で歌いたい俺の定番・名曲集,野畑,2024/01/13,2024/01/13,2
教養としてのローマ史の読み方,野畑,2024/01/05,途中,4
日本人のための英仏独三国志,石橋,2024/01/08,中止,2
民族と国家の5000年史,野畑,2024/01/13,2024/01/13,2
ちょっと嬉しい伴奏が弾きたい,野畑,未,,
今日からできる! Python業務効率化スキルが身につく本,蛍池,2024/01/19,中止,2
教養としてのローマ史の読み方,蛍池,2024/01/21,途中,4
Logic Pro Xで始めるDTM&曲作り,箕面,2024/01/27,2024/02/09,3
ネット興亡記,石橋,2024/02/05,,
十字軍物語1,石橋,2024/01/29,2024/02/04,5
十字軍物語2,石橋,2024/02/06,2024/02/15,4
十字軍物語3,石橋,2024/02/16,2024/03/13,4
GarageBandではじめる ループ音源で遊ぶ・楽しむ超入門,石橋,2024/02/23,,3
六人の嘘つきな大学生,Audible,2024/02/28,2024/03/04,5
方舟,Audible,2024/03/06,中止,1
サピエンス全史（上）,Audible,2024/03/07,2024/03/13,3
ローマ亡き後の地中海世界(上),石橋,2024/03/13,途中,4
コンビニ人間,Audible,2024/03/14,2024/03/15,2
可燃物,Audible,2024/03/16,2024/03/19,4
極楽征夷大将軍,Audible,2024/03/19,2024/04/02,5
満願,Audible,2024/04/04,2024/04/08,4
面白くて眠れなくなる植物学,Audible,2024/04/08,2024/04/15,3
世界を変えた10冊の本,Audible,2024/04/15,2024/04/18,4
つくって覚えるPerl入門,石橋,2024/04/08,中止,1
地図で読み解く阪急沿線,石橋,2024/04/17,2024/04/17,3
世界でもっとも強力な9のアルゴリズム,石橋,2024/04/17,途中,4
1週間でJavaScriptの基礎が学べる本,石橋,2024/04/17,2024/04/17,3
オブジェクト指向でなぜつくるのか,石橋,2024/04/17,2024/04/17,3
物理の4大定数 宇宙を支配するc、G、e、h,Audible,2024/04/18,2024/04/23,5
座右の寓話,Audible,2024/04/23,途中,
知略を養う戦争と外交の世界史,Audible,2024/04/24,2024/04/27,4
池上彰の世界の見方　フランス：うるわしの国の栄光と苦悩,Audible,2024/04/27,2024/04/29,3
日本国紀（上）,Audible,2024/04/29,2024/05/04,4
日本国紀（下）,Audible,2024/05/05,2024/05/08,4
アームストロング砲,Audible,2024/05/08,2024/05/09,3
ヨーロッパ史入門 原形から近代への胎動,Audible,2024/05/10,中止,1
池上彰の行動経済学入門,Audible,2024/05/10,2024/05/10,3
桜田門外の変,Audible,2024/05/11,2024/05/11,3
逃げの小五郎,Audible,2024/05/11,2024/05/11,2
きつね馬,Audible,2024/05/12,2024/05/12,2
ローマ亡き後の地中海世界(上),石橋,2024/04/26,2024/05/12,3
ローマ亡き後の地中海世界(下),石橋,2024/05/13,,
王城の護衛者,Audible,2024/05/12,2024/05/15,3
侍はこわい,Audible,2024/05/15,2024/05/15,1
大坂侍,Audible,2024/05/15,2024/05/15,2
伊達の黒船,Audible,2024/05/15,2024/05/17,3
城の怪,Audible,2024/05/17,2024/05/20,1
ただいま十六歳 近藤勇,Audible,2024/05/20,2024/05/20,1
胡桃に酒,Audible,2024/05/20,2024/05/21,2
言い触らし団右衛門,Audible,2024/05/21,2024/05/21,2
金吾中納言,Audible,2024/05/21,2024/05/21,3
けろりの道頓,Audible,2024/05/22,2024/05/22,1
沖田総司の恋,Audible,2024/05/22,2024/05/22,1
おお、大砲,Audible,2024/05/24,2024/05/24,1
天明の絵師,Audible,2024/05/24,2024/05/24,1
人斬り以蔵,Audible,2024/05/25,2024/05/25,2
慶応長崎事件,Audible,2024/05/25,2024/05/25,3
軍師二人,Audible,2024/05/25,2024/05/25,2
喧嘩早雲,Audible,2024/05/29,2024/05/29,1
戦国武将伝 西日本編,Audible,2024/05/30,2024/06/04,5
戦国武将伝 東日本編,Audible,2024/06/05,2024/06/09,5
イクサガミ 天,Audible,2024/06/12,中止,1
世界史＆宗教のツボ,Audible,2024/06/13,2024/06/15,3
徳川15代の通信簿,Audible,2024/06/15,2024/06/16,3
英仏百年戦争,Book-Off,2024/06/17,,
眠れないほどおもしろい吾妻鏡,Audible,2024/06/17,2024/06/20,3
頼朝と義時 武家政権の誕生,Audible,2024/06/20,2024/06/27,3
塞王の楯,Audible,2024/07/02,2024/07/15,5
成瀬は天下を取りにいく,Audible,2024/07/17,途中,2
くらまし屋稼業,Audible,2024/07/17,2024/07/23,4
歴史で読み解く世界情勢のきほん,Audible,2024/07/24,2024/07/30,3
城郭考古学の冒険,Audible,2024/08/02,中止,1
歴史と宗教がわかる！世界の歩き方,Audible,2024/08/06,2024/08/07,3
誰かが私を殺した,Audible,2024/08/07,2024/08/09,3
草枕,Audible,2024/08/10,2024/08/19,1
ギリシア人の物語Ⅰ 民主制のはじまり,箕面,2024/08/16,2024/08/23,5
坊っちゃん,Audible,2024/08/20,2024/08/22,2
三四郎,Audible,2024/08/22,2024/08/30,2
ギリシア人の物語Ⅱ 民主制の成熟と崩壊,池田,2024/08/23,2024/08/31,4
じんかん,Audible,2024/09/04,2024/09/13,4
覇道の槍,池田,2024/09/06,中止,1
本所おけら長屋／その壱 だいくま,Audible,2024/09/16,2024/09/16,2
波乱 百万石の留守居役(一）,Audible,2024/09/16,2024/09/18,5
ギリシア人の物語Ⅲ 新しき力,池田,2024/09/21,2024/10/01,4
思惑 百万石の留守居役(二）,Audible,2024/09/19,2024/09/23,5
新参 百万石の留守居役(三）,Audible,2024/09/23,2024/09/26,5
遺臣 百万石の留守居役(四）,Audible,2024/09/27,2024/09/27,5
密着 百万石の留守居役(五）,Audible,2024/09/27,2024/09/28,5
Python+JSONデータ活用の奥義,石橋,2024/09/27,途中,3
教養としてのギリシャ・ローマ,石橋,2024/09/29,中止,1
使者 百万石の留守居役(六）,Audible,2024/09/30,2024/10/01,5
貸借 百万石の留守居役(七）,Audible,2024/10/02,2024/10/02,5
皇帝フリードリッヒ二世の生涯（上）,BOOKOFF,2024/10/03,,
参勤 百万石の留守居役(八）,Audible,2024/10/02,2024/10/05,5
因果 百万石の留守居役(九）,Audible,2024/10/06,2024/10/07,5
忖度 百万石の留守居役(十）,Audible,2024/10/07,2024/10/11,5
騒動 百万石の留守居役(十一）,Audible,2024/10/11,2024/10/11,5
分断 百万石の留守居役(十二）,Audible,2024/10/11,2024/10/14,5
舌戦 百万石の留守居役(十三）,Audible,2024/10/14,2024/10/15,5
愚劣 百万石の留守居役(十四）,Audible,2024/10/15,2024/10/16,5
布石 百万石の留守居役(十五）,Audible,2024/10/16,2024/10/16,5
密封 奥右筆秘帳（一）,Audible,2024/10/17,2024/10/22,3
国禁 奥右筆秘帳（二）,Audible,2024/10/23,2024/10/28,3
乱麻 百万石の留守居役（十六）,Audible,2024/10/25,2024/10/27,5
侵蝕 奥右筆秘帳（三）,Audible,2024/10/29,2024/11/04,4
中東戦争全史,Audible,2024/10/30,2024/11/01,5
継承 奥右筆秘帳（四）,Audible,2024/11/04,2024/11/07,4
簒奪 奥右筆秘帳（五）,Audible,2024/11/10,2024/11/12,4
秘闘 奥右筆秘帳（六）,Audible,2024/11/13,2024/11/13,3
隠密 奥右筆秘帳（七）,Audible,2024/11/13,2024/11/14,3
刃傷 奥右筆秘帳（八）,Audible,2024/11/17,2024/11/20,3
召抱 奥右筆秘帳（九）,Audible,2024/11/20,途中,3
坂の上の雲（一）,BOOKOFF,2024/11/17,途中,
茜唄（上）,Audible,2024/11/21,中止,2
安倍晋三実録,Audible,2024/11/23,2024/11/26,3
要訣 百万石の留守居役（十七）,Audible,2024/11/26,2024/11/28,5
安倍晋三秘録,Audible,2024/11/29,2024/12/03,3
ボッコちゃん,Audible,2024/12/04,中止,1
告白,Audible,2024/12/06,2024/12/11,5
贖罪,Audible,2024/12/11,2024/12/13,3
アルルカンと道化師,Audible,2024/12/14,2024/12/19,5
不祥事,Audible,2024/12/20,中止,1
民王,Audible,2024/12/20,中止,1
1日1ページで身につく！歴史と地理の新しい教養365,Audible,2024/12/20,中止,1
独ソ戦 絶滅戦争の惨禍,Audible,2024/12/20,2024/12/24,4
世界史の中のパレスチナ問題,Audible,2024/12/24,2025/01/03,4
ダーウィンの呪い,Audible,2025/01/03,2025/01/08,5
ヨーロッパ史,Audible,2025/01/08,中止,1
驚きの「リアル進化論」,Audible,2025/01/11,2025/01/16,3
頼朝と義時 武家政権の誕生,Audible,2025/01/16,中止,3
イギリス帝国盛衰史 グローバルヒストリーから読み解く,Audible,2025/01/17,2025/01/20,4
ドイツ誕生 神聖ローマ帝国初代皇帝オットー１世,Audible,2025/01/21,2025/01/23,4
ローマ帝国の誕生,Audible,2025/01/24,2025/01/25,3
ユーゴスラヴィア現代史 新版,Audible,2025/01/26,2025/01/28,4
この一冊で聖書がわかる！,Audible,2025/01/29,2025/01/30,2
火を吹く朝鮮半島,Audible,2025/02/01,2025/02/03,3
禁断の中国史,Audible,2025/02/03,2025/02/05,3
昭和16年の終戦,BOOKOFF,2025/02/04,中止,1
"トランプVS,ハリス アメリカ大統領選の知られざる内幕",Audible,2025/02/05,中止,1
壬生義士伝（上）,Audible,2025/02/10,2025/02/16,5
それでも、日本人は「戦争」を選んだ,BOOKOFF,2025/02/09,2025/02/19,3
壬生義士伝（下）,Audible,2025/02/16,2025/02/21,5
ローマ人の物語1 ローマは1日にして成らず（上）,BOOKOFF,2025/02/19,2025/02/22,5
王とサーカス,Audible,2025/02/21,2025/02/27,4
ローマ人の物語2 ローマは1日にして成らず（下）,BOOKOFF,2025/02/22,2025/02/26,5
ローマ人の物語3 ハンニバル戦記（上）,BOOKOFF,2025/02/26,2025/02/28,5
官僚生態図鑑,Audible,2025/02/27,中止,2
氷菓,Audible,2025/02/28,2025/03/01,4
教養としての歴史小説,箕面図書館,2025/02/28,2025/02/28,2
ローマ人の物語4 ハンニバル戦記（中）,BOOKOFF,2025/03/01,2025/03/12,4
愚者のエンドロール,Audible,2025/03/02,2025/03/07,3
クドリャフカの順番,Audible,2025/03/07,中止,2
黒牢城,Audible,2025/03/08,2025/03/15,3
教養の人類史 ヒトは何を考えてきたか？,Audible,2025/03/15,2025/03/21,2
ローマ人の物語5 ハンニバル戦記（下）,BOOKOFF,2025/03/13,2025/03/16,4
ローマ人の物語6 勝者の混迷（上）,BOOKOFF,2025/03/16,2025/03/20,4
ローマ人の物語7 勝者の混迷（下）,BOOKOFF,2025/03/20,2025/03/24,3
昭和史1「日露戦争に勝った意味」,Audible,2025/03/21,2025/03/21,5
昭和史2「張作霖爆殺と統帥権干犯」,Audible,2025/03/21,2025/03/22,5
昭和史3「関東軍の野望、満州国の建国」,Audible,2025/03/22,2025/03/22,5
昭和史4「五・一五事件から国際連盟脱退まで」,Audible,2025/03/23,2025/03/23,5
昭和史5「陸軍の派閥争い、天皇機関説」,Audible,2025/03/23,2025/03/23,5
昭和史6「[二・二六事件]大股で戦時体制へ」,Audible,2025/03/24,2025/03/24,5
昭和史7「[日中戦争]盧溝橋事件」,Audible,2025/03/24,2025/03/24,5
昭和史8「国家総動員法、ノモンハンの悲劇」,Audible,2025/03/25,2025/03/25,5
昭和史9「米英との対立、ドイツへの接近」,Audible,2025/03/25,2025/03/25,5
昭和史10「ひた走る軍事国家への道」,Audible,2025/03/25,2025/03/26,5
ローマ人の物語8 ユリウス・カエサル_ルビコン以前（上）,BOOKOFF,2025/03/25,2025/04/01,3
昭和史11「ドイツのソ連進攻」,Audible,2025/03/26,2025/03/26,5
昭和史12「太平洋戦争開戦前夜~運命の御前会議」,Audible,2025/03/26,2025/03/26,5
昭和史13「太平洋戦争開戦前夜(2)」~「ニイタカヤマノボレ 一二〇八」,Audible,2025/03/26,2025/03/26,5
昭和史14「真珠湾攻撃からミッドウェーへ」,Audible,2025/03/26,2025/03/26,5
昭和史15「ガタルカナル・インパール・サイパンの悲劇から特攻隊出撃へ」,Audible,2025/03/26,2025/03/26,5
昭和史16「ヤルタ会談、東京大空襲、沖縄戦、そしてドイツ降伏」,Audible,2025/03/26,2025/03/27,5
昭和史17「ポツダム宣言受諾、終戦」,Audible,2025/03/27,2025/03/27,5
昭和史18「[むすび] 昭和史二十年の教訓」,Audible,2025/03/27,2025/03/27,5
真実の10メートル手前,Audible,2025/03/28,2025/04/04,3
テロルの昭和史,Audible,2025/03/28,2025/04/01,3
ローマ人の物語9 ユリウス・カエサル_ルビコン以前（中）,BOOKOFF,2025/04/01,2025/04/07,4
幕末史1〜9,Audible,2025/04/04,2025/04/05,3
戦争の近現代史 日本人は戦いをやめられるか,Audible,2025/04/06,2025/04/08,3
ローマ人の物語10 ユリウス・カエサル_ルビコン以前（下）,BOOKOFF,2025/04/06,2025/04/12,4
ロッキード,Audible,2025/04/08,2025/04/16,2
ローマ人の物語11 ユリウス・カエサル_ルビコン以後（上）,BOOKOFF,2025/04/13,2025/04/20,4
日本史 敗者の条件,Audible,2025/04/16,2025/04/17,2
地中海世界の歴史1 神々のささやく世界 オリエントの文明,Audible,2025/04/19,2025/04/24,3
ローマ人の物語12 ユリウス・カエサル_ルビコン以後（中）,BOOKOFF,2025/04/21,2025/04/25,2
地中海世界の歴史2 沈黙する神々の帝国 アッシリアとペルシア,Audible,2025/04/24,2025/05/01,3
ローマ人の物語13 ユリウス・カエサル_ルビコン以後（下）,BOOKOFF,2025/04/26,2025/05/05,4
地中海世界の歴史3 白熱する人間たちの都市 エーゲ海とギリシアの文明,Audible,2025/05/04,2025/05/08,4
ローマ人の物語14 パクス・ロマーナ（上）,BOOKOFF,2025/05/05,2025/05/18,2
古代アメリカ文明 マヤ・アステカ・ナスカ・インカの実像,Audible,2025/05/08,中止,2
教養としての「世界史」の読み方,Audible,2025/05/10,2025/05/16,5
ナチ前夜 ワイマル共和国と政治的暴力,Audible,2025/05/16,2025/05/21,4
ローマ人の物語15 パクス・ロマーナ（中）,BOOKOFF,2025/05/18,2025/06/09,2
トヨトミの野望,Audible,2025/05/21,2025/05/26,5
トヨトミの逆襲,Audible,2025/05/27,2025/05/29,4
砂糖の世界史,Audible,2025/05/30,中止,2
シャーロック・ホームズ傑作選／赤毛連盟,Audible,2025/06/01,中止,1
中国、朝鮮、ベトナム、日本−極東アジアの地政学,Audible,2025/06/01,2025/06/06,5
教養としての世界の政党,Audible,2025/06/06,2025/06/09,4
ローマ人の物語16 パクス・ロマーナ（下）,BOOKOFF,2025/06/10,2025/06/11,3
ウクライナ戦争は世界をどう変えたか 「独裁者の論理」と試される「日本の論理」,Audible,2025/06/11,2025/06/14,3
ローマ人の物語17 悪名高き皇帝たち（1）,BOOKOFF,2025/06/12,2025/06/16,2
西洋の敗北 日本と世界に何が起きるのか,Audible,2025/06/14,2025/06/20,3
ローマ人の物語18 悪名高き皇帝たち（2）,BOOKOFF,2025/06/16,2025/06/20,3
中国ぎらいのための中国史,Audible,2025/06/20,2025/06/22,3
ローマ人の物語19 悪名高き皇帝たち（3）,BOOKOFF,2025/06/21,2025/06/26,3
世界史の構造的理解 現代の「見えない皇帝」と日本の武器,BOOKOFF,2025/06/22,中止,2
ガザ 日本人外交官が見たイスラエルとパレスチナ,Audible,2025/06/24,2025/06/26,3
ローマ人の物語20 悪名高き皇帝たち（4）,BOOKOFF,2025/06/26,2025/07/04,3
銃・病原菌・鉄（上）,Audible,2025/06/28,2025/07/03,5
銃・病原菌・鉄（下）,Audible,2025/07/03,2025/07/07,4
ローマ人の物語21 危機と克服（上）,BOOKOFF,2025/07/05,2025/07/11,3
民族と文明で読み解く大アジア史,Audible,2025/07/07,2025/07/11,3
東大生に教える日本史,Audible,2025/07/11,2025/07/18,2
ローマ人の物語22 危機と克服（中）,BOOKOFF,2025/07/11,2025/07/18,3
池上彰の世界の見方 アフリカ,Audible,2025/07/18,2025/07/18,2
仏教「超」入門,Audible,2025/07/18,中止,1
ローマ人の物語23 危機と克服（下）,BOOKOFF,2025/07/18,2025/07/28,3
日雇い浪人生活録（1）金の価値,Audible,2025/07/19,2025/07/22,5
日雇い浪人生活録（2）金の諍い,Audible,2025/07/22,2025/07/25,5
日雇い浪人生活録（3）金の策謀,Audible,2025/07/25,2025/07/28,4
日雇い浪人生活録（4）金の権能,Audible,2025/07/28,2025/07/31,4
ローマ人の物語24 賢帝の世紀（上）,BOOKOFF,2025/07/28,2025/08/12,3
日雇い浪人生活録（5）金の邀撃,Audible,2025/07/31,2025/08/01,4
勘定吟味役異聞（1）破斬,Audible,2025/08/02,2025/08/05,3
三河雑兵心得（1）足軽仁義,Audible,2025/08/06,2025/08/07,2
勘定吟味役異聞（2）熾火,Audible,2025/08/07,中止,2
世界史の考え方 シリーズ歴史総合を学ぶ①,Audible,2025/08/08,中止,1
鉄道路線に翻弄される地域社会,Audible,2025/08/08,2025/08/12,3
ローマ人の物語25 賢帝の世紀（中）,BOOKOFF,2025/08/12,2025/08/31,3
爆弾,Audible,2025/08/14,2025/08/17,3
地雷グリコ,Audible,2025/08/18,2025/08/20,5
十戒,Audible,2025/08/21,2025/08/23,3
体育館の殺人,Audible,2025/08/24,2025/08/28,5
水族館の殺人,Audible,2025/08/29,2025/09/02,4
風ヶ丘五十円玉祭りの謎,Audible,2025/09/02,2025/09/05,2
ローマ人の物語26 賢帝の世紀（下）,BOOKOFF,2025/09/02,2025/09/04,3
図書館の殺人,Audible,2025/09/05,2025/09/09,4
ローマ人の物語27 すべての道はローマに通ず（上）,BOOKOFF,2025/09/05,中止,
ローマ人の物語29 終わりの始まり（上）,BOOKOFF,2025/09/09,2025/09/23,3
イニシエーション・ラブ,Audible,2025/09/09,2025/09/12,3
セカンド・ラブ,Audible,2025/09/12,2025/09/15,3
汚れた手をそこで拭かない,Audible,2025/09/16,2025/09/17,2
葉桜の季節に君を想うということ,Audible,2025/09/18,2025/09/23,3
すべてがFになる,Audible,2025/09/23,中止,1
ハサミ男,Audible,2025/09/23,中止,1
ローマ人の物語30 終わりの始まり（中）,BOOKOFF,2025/09/23,2025/10/04,3
硝子の塔の殺人,Audible,2025/09/24,2025/09/26,4
謎解きはディナーのあとで,Audible,2025/09/26,中止,1
六人の嘘つきな大学生,Audible,2025/09/27,2025/09/29,5
店長がバカすぎて,Audible,2025/09/30,2025/10/03,3
新！店長がバカすぎて,Audible,2025/10/03,中止,2
全員犯人、だけど被害者、しかも探偵,Audible,2025/10/03,2025/10/07,2
ローマ人の物語31 終わりの始まり（下）,BOOKOFF,2025/10/07,2025/10/09,3
60歳から読み直したい名著70,Audible,2025/10/08,2025/10/10,2
あの国の本当の思惑を見抜く地政学,Audible,2025/10/10,2025/10/13,3
「ローマ人の物語」スペシャル・ガイドブック,BOOKOFF,2025/10/10,2025/10/13,4
砂糖の世界史,Audible,2025/10/16,2025/10/17,2
自分の頭で考える日本の論点,Audible,2025/10/17,中止,1
30ポイントで読み解く「ローマ帝国衰亡史」,BOOKOFF,2025/10/22,2025/11/08,4
俺たちの箱根駅伝（上）,Audible,2025/10/22,2025/10/25,5
俺たちの箱根駅伝（下）,Audible,2025/10/25,2025/10/28,4
近代日本と軍部,Audible,2025/10/29,2025/11/10,3
日雇い浪人生活録（6）金の裏表,Audible,2025/11/11,2025/11/12,3
世界一シンプルな進化論講義 生命・ヒト・生物--進化をめぐる6つの問い,Audible,2025/11/13,2025/11/15,3
世界地図のすごい読み方,Audible,2025/11/15,2025/11/17,3
教養としての「ローマ史」の読み方,Audible,2025/11/17,2025/11/22,5
ローマ人の物語Ⅻ 迷走する帝国,BOOKOFF,2025/11/18,2025/12/02,3
この日本で生きる君が知っておくべき「戦後史の学び方」,Audible,2025/11/22,2025/11/24,3
教養としての「世界史」の読み方,Audible,2025/11/25,2025/11/28,3
歴史と人口から読み解く東南アジア,Audible,2025/11/28,2025/12/01,4
本と鍵の季節,Audible,2025/12/01,2025/12/02,4
栞と嘘の季節,Audible,2025/12/02,2025/12/05,4
ローマ人の物語13最後の努力,BOOKOFF,2025/12/02,2025/12/21,4
ブレイクショットの軌跡,Audible,2025/12/05,中止,
いっきに学び直す日本史古代・中世・近世教養編,Audible,2025/12/09,2025/12/15,3
いっきに学び直す日本史近代・現代実用編,Audible,2025/12/16,2025/12/26,2
ローマ人の物語14キリストの勝利,BOOKOFF,2025/12/21,2026/01/04,4
トヨトミの世襲,Audible,2025/12/26,2026/01/03,5
謎の香りはパン屋から,Audible,2026/01/03,2026/01/07,4
ローマ人の物語15ローマ世界の終焉,BOOKOFF,2026/01/04,2026/01/21,4
太平洋戦争,Audible,2026/01/08,2026/01/11,3
ミス・パーフェクトが行く！,Audible,2026/01/12,2026/01/14,4
闘え！ミス・パーフェクト,Audible,2026/01/15,2026/01/20,4
ミス・パーフェクトの憂鬱,Audible,2026/01/20,2026/01/23,4
海の都の物語1,BOOKOFF,2026/01/23,2026/01/30,4
進化という迷宮 隠れた「調律者」を追え,Audible,2026/01/25,中止,1
日本海軍失敗の本質,BOOKOFF,2026/01/27,2026/01/28,5
中華王朝滅びの法則 そして習近平は！,Audible,2026/01/28,2026/01/30,3
オスマン帝国全史「崇高なる国家」の物語 1299-1922,Audible,2026/01/30,中止,1
日雇い浪人生活録7金の記憶,Audible,2026/02/01,2026/02/02,3
海の都の物語2,BOOKOFF,2026/01/30,2026/02/02,2
架空の犬と嘘をつく猫,Audible,2026/02/03,中止,1
始皇帝の戦争と将軍たち 秦の中華統一を支えた近臣軍団,Audible,2026/02/03,中止,2
リンカン「合衆国市民」の創造者,Audible,2026/02/03,中止,1
情報戦の日本史,Audible,2026/02/04,2026/02/06,2
秘色の契り阿波宝暦明和の変顛末譚,Audible,2026/02/07,2026/02/12,3
言い訳 関東芸人はなぜM-1で勝てないのか,BOOKOFF,2026/02/08,2026/02/08,3
海の都の物語3,BOOKOFF,2026/02/02,2026/02/08,3
海の都の物語4,BOOKOFF,2026/02/09,2026/02/19,4
笑い神 M-1 その純情と狂気,石橋図書館,2026/02/10,2026/02/11,3
なぜ働いていると本が読めなくなるのか,Audible,2026/02/14,2026/02/16,3
木挽町の仇討ち,Audible,2026/02/16,中止,2
ポピュリズム,Audible,2026/02/18,2026/02/23,4
海の都の物語5,BOOKOFF,2026/02/19,,
生命とは何か,Audible,2026/02/24,2026/02/26,2
朝鮮属国史 中国が支配した2000年,Audible,2026/02/26,2026/02/27,4
経済で読み解く世界史,Audible,26-02-27,2026-03-02,5
海の都の物語5,BOOKOFF,26-02-19,2026-03-04,4
ぼくはこんなふうに本を読んできた,Audible,2026-03-02,2026-03-06,5
ルポ トランプ王国,石橋,26-03-06,2026-03-10,3
昭和16年夏の敗戦,Audible,2026-03-06,2026-03-11,4
教養としてのヨーロッパ史,桜ヶ丘,2026-03-10,中止,1
オブジェクト指向でなぜつくるのか,石橋,2026-03-11,2026-03-11,0
遺伝子とは何か,Audible,2026-03-11,2026-03-13,4
海の都の物語6,BOOKOFF,2026-03-11,2026-03-14,4
みんなの高校地学,Audible,2026-03-13,2026-03-16,5
考察する若者たち,Audible,2026-03-16,2026-03-17,3
ローマ亡き後の地中海世界1,BOOKOFF,2026-03-16,2026-03-20,4
ムッソリーニの正体,Audible,2026-03-17,2026-03-22,3
日雇い浪人生活録(八)	金の悪夢,Audible,2026-03-22,2026-03-24,3
後悔病棟,Audible,2026-03-24,中止,1
ローマ亡き後の地中海世界2,BOOKOFF,2026-03-20,2026-03-24,0
火喰鳥,Audible,2026-03-24,2026-03-29,4
夜哭鳥,Audible,2026-03-29,2026-04-01,3
FEAR恐怖の男,石橋,2026-03-24,中止,1
ほんとうの中国,Audible,2026-04-02,2026-04-03,3
人よ、花よ、（上）,Audible,2026-04-06,2026-04-10,5
ローマ亡き後の地中海世界2,BOOKOFF,2026-04-06,2026-04-12,3
人よ、花よ、（下）,Audible,2026-04-10,2026-04-17,5
童の神,Audible,2026-04-17,2026-04-24,3
金の色彩,Audible,2026-04-24,2026-04-26,4
ローマ亡き後の地中海世界3,BOOKOFF,2026-04-12,2026-04-27,3
蜂蜜と遠雷（上）,Audible,2026-04-26,2026-04-29,5
蜜蜂と遠雷（下）,Audible,2026-04-29,2026-05-05,4
エネルギーをめぐる旅,Audible,2026-05-05,2026-05-09,4
「科学的に正しい」の罠,Audible,2026-05-10,2026-05-12,5
チーム・バチスタの栄光,Audible,2026-05-12,2026-05-15,5
半沢直樹1オレたちバブル入行組,Audible,2026-05-16,2026-05-19,5
世界のエリートが学んでいる教養書必読100冊を1冊にまとめてみた,Audible,2026-05-19,2026-05-25,0
半沢直樹2オレたち花のバブル組,Audible,2026-05-25,2026-05-26,5
半沢直樹3ロスジェネの逆襲,Audible,2026-05-26,2026-05-27,5
半沢直樹4銀翼のイカロス,Audible,2026-05-28,2026-05-29,5
刀伊の入寇,Audible,2026-05-29,2026-06-04,3
ローマ亡き後の地中海世界4,BOOKOFF,2026-04-28,2026-06-06,3
宇宙誕生100万分の1秒後の謎,BOOKOFF,2026-06-08,2026-06-08,4
世界のエリートが学んでいる教養書必読100冊を1冊にまとめてみた,Audible,2026-06-04,2026-06-09,4
宇宙と物質の起源　「見えない世界」を理解する,Audible,2026-06-09,2026-06-11,2
平成政権史,BOOKOFF,2026-06-09,2026-06-12,3
化学で世界はすべて読み解ける,Audible,2026-06-12,2026-06-13,3
池上彰が聞いてわかった生命のしくみ,Audible,2026-06-14,2026-06-15,3
量子で読み解く生命・宇宙・時間,Audible,2026-06-15,2026-06-16,2
宇宙の秘密を解き明かす24のスゴい数式,Audible,2026-06-16,2026-06-17,4
懲りない日本史,Audible,2026-06-17,2026-06-19,3
藤原摂関家の誕生,Audible,2026-06-19,2026-06-21,4
思考実験,阪大,2026-06-19,2026-06-22,3
物理の4大定数 宇宙を支配するc、G、e、h,Audible,2026-06-23,2026-06-23,3
宇宙は何でできているか 素粒子物理学で解く宇宙の謎,Audible,2026-06-23,2026-06-27,4
ユダヤ人の歴史,Audible,2026-06-27,2026-06-30,3
白村江,Audible,2026-06-30,2026-07-04,5
ウェストファリア体制 天才グロティウスに学ぶ「人殺し」と平和の法,Audible,2026-07-04,2026-07-07,4
幸村を撃て,Audible,2026-07-07,2026-07-11,5
素数はなぜ人を惹きつけるのか,Audible,2026-07-11,2026-07-13,5
歴史に残る外交三賢人 ビスマルク、タレーラン、ド・ゴール,Audible,2026-07-13,2026-07-19,4
大名倒産（上）,Audible,2026-07-20,2026-07-24,4
笑わない数学,池田,2026-07-24,2026-07-26,4
大名倒産（下）,Audible,2026-07-24,2026-07-29,2
笑わない数学2,池田,2026-07-30,2026-08-02,3
戦国武将を推理する,Audible,2026-07-29,2026-08-02,3
最強の教訓！世界史まさかの結末に学ぶ,Audible,2026-08-02,2026-08-06,4
笑わない数学3,池田,2026-08-02,2026-08-04,3
宿命の子（上）,Audible,2026-08-06,中止,1
茜唄（上）,Audible,2026-08-10,2026-08-14,5
茜歌（下）,Audible,2026-08-14,2026-08-19,5
真・韓国の歴史,Audible,2026-08-19,2026-08-24,2
科学者はなぜ神を信じるのか,Audible,2026-08-25,2026-08-26,4
利休にたずねよ,Audible,2026-08-27,2026-09-01,2
おどろきの刑事司法,Audible,2026-09-01,2026-09-05,3
境界知能の人たち,Audible,2026-09-05,2026-09-06,2
なぜ宇宙は存在するのか,Audible,2026-09-07,2026-09-10,2
「時間」はなぜ存在するのか,Audible,2026-09-11,2026-09-12,2
95%の宇宙,Audible,2026-09-12,2026-09-15,4
