2026-07-10,金,映像の世紀,ヨーロッパ2077日の地獄（1）,NHKオンデマンド
2026-07-10,金,映像の世紀,ヨーロッパ2077日の地獄（2）,NHKオンデマンド
2026-07-10,金,映像の世紀,ヨーロッパ2077日の地獄（3）,NHKオンデマンド
2026-07-17,金,真田丸,(1)船出,NHKオンデマンド
2026-07-17,金,真田丸,(2)決断,NHKオンデマンド
2026-07-17,金,真田丸,(3)策略,NHKオンデマンド
2026-07-17,金,真田丸,(4)挑戦,NHKオンデマンド
2026-07-17,金,真田丸,(5)窮地,NHKオンデマンド
2026-07-24,金,真田丸,(6)迷走,NHKオンデマンド
2026-07-24,金,真田丸,(7)奪回,NHKオンデマンド
2026-07-24,金,真田丸,(8)調略,NHKオンデマンド
2026-07-24,金,真田丸,(9)駆引,NHKオンデマンド
2026-07-24,金,真田丸,(10)妙手,NHKオンデマンド
2026-07-24,金,真田丸,(11)祝言,NHKオンデマンド
2026-07-31,金,真田丸,(12)人質,NHKオンデマンド
2026-07-31,金,真田丸,(13)決戦,NHKオンデマンド
2026-07-31,金,真田丸,(14)大坂,NHKオンデマンド
2026-07-31,金,真田丸,(15)秀吉,NHKオンデマンド
2026-08-07,金,真田丸,(16)表裏,NHKオンデマンド
2026-08-07,金,真田丸,(17)再会,NHKオンデマンド
2026-08-07,金,真田丸,(18)上洛,NHKオンデマンド
2026-08-07,金,真田丸,(19)恋路,NHKオンデマンド
2026-08-07,金,真田丸,(20)前兆,NHKオンデマンド
2026-08-14,金,真田丸,(21)戦端,NHKオンデマンド
2026-08-14,金,真田丸,(22)裁定,NHKオンデマンド
2026-08-14,金,真田丸,(23)攻略,NHKオンデマンド
2026-08-14,金,真田丸,(24)滅亡,NHKオンデマンド
2026-08-21,金,真田丸,(25)別離,NHKオンデマンド
2026-08-21,金,真田丸,(26)瓜売,NHKオンデマンド
2026-08-21,金,真田丸,(27)不信,NHKオンデマンド
2026-08-21,金,真田丸,(28)受難,NHKオンデマンド
2026-08-21,金,真田丸,(29)異変,NHKオンデマンド
2026-08-28,金,真田丸,(30)黄昏,NHKオンデマンド
2026-08-28,金,真田丸,(31)終焉,NHKオンデマンド
2026-08-28,金,真田丸,(32)応酬,NHKオンデマンド
2026-09-04,金,真田丸,(33)動乱,NHKオンデマンド
2026-09-04,金,真田丸,(34)挙兵,NHKオンデマンド
2026-09-04,金,真田丸,(35)犬伏,NHKオンデマンド
2026-09-04,金,真田丸,(36)勝負,NHKオンデマンド
2026-09-11,金,真田丸,(37)信之,NHKオンデマンド
2026-09-11,金,真田丸,(38)昌幸,NHKオンデマンド
2026-09-11,金,豊臣兄弟！,(22)播磨大誤算,NHKオンデマンド
,,,,
